"","Lark_ID","firstInterval","firstDet","site","Count_Date","Start_Time","dayOfYear","surveyYear","Interval_1","Interval_2","Interval_3","Interval_4","Interval_5","Interval_6","Interval_7","Interval_8","Interval_9","Interval_10","Interval_11","Interval_12","Interval_13","Interval_14","Interval_15","Interval_16","Interval_17","Interval_18","Interval_19","Interval_20","Interval_21","Interval_22","Interval_23","Interval_24"
"1","667",13,"Singing","5252",2024-06-18,8H 38M 0S,170,2024,NA,NA,NA,NA,NA,NA,NA,NA,NA,NA,NA,NA,"Singing","Singing","Singing","Singing","Singing",NA,NA,"Singing",NA,NA,NA,NA
"2","668",17,"Singing","5252",2024-06-18,8H 38M 0S,170,2024,NA,NA,NA,NA,NA,NA,NA,NA,NA,NA,NA,NA,NA,NA,NA,NA,"Singing",NA,NA,NA,NA,NA,NA,NA
"3","670",6,"Singing","CA07",2024-06-07,8H 37M 0S,159,2024,NA,NA,NA,NA,NA,"Singing","Singing",NA,NA,NA,NA,NA,NA,NA,NA,NA,NA,NA,NA,NA,NA,NA,NA,NA
"4","671",9,"Singing","CA07",2024-06-07,8H 37M 0S,159,2024,NA,NA,NA,NA,NA,NA,NA,NA,"Singing","Singing",NA,NA,NA,NA,NA,NA,NA,NA,"Visual","Visual","Singing","Singing",NA,NA
"5","672",12,"Singing","CA07",2024-06-07,8H 37M 0S,159,2024,NA,NA,NA,NA,NA,NA,NA,NA,NA,NA,NA,"Singing","Singing","Singing",NA,"Singing",NA,"Singing",NA,NA,NA,NA,"Calling",NA
"6","673",21,"Visual","CA07",2024-06-07,8H 37M 0S,159,2024,NA,NA,NA,NA,NA,NA,NA,NA,NA,NA,NA,NA,NA,NA,NA,NA,NA,NA,NA,NA,"Visual","Visual","Visual",NA
"7","674",23,"Calling","CA07",2024-06-07,8H 37M 0S,159,2024,NA,NA,NA,NA,NA,NA,NA,NA,NA,NA,NA,NA,NA,NA,NA,NA,NA,NA,NA,NA,NA,NA,"Calling","Visual"
"8","675",1,"Singing","CA03",2024-06-07,7H 42M 0S,159,2024,"Singing","Singing",NA,NA,NA,NA,NA,NA,NA,NA,NA,NA,NA,NA,NA,NA,NA,NA,NA,NA,NA,NA,NA,NA
"9","676",3,"Calling","CA03",2024-06-07,7H 42M 0S,159,2024,NA,NA,"Calling",NA,NA,NA,"Calling",NA,NA,NA,NA,"Calling",NA,NA,NA,NA,NA,NA,NA,NA,NA,NA,NA,NA
"10","677",5,"Singing","CA03",2024-06-07,7H 42M 0S,159,2024,NA,NA,NA,NA,"Singing","Visual","Visual","Visual","Visual","Visual","Visual","Visual","Visual",NA,NA,NA,NA,NA,NA,NA,NA,NA,"Singing","Singing"
"11","678",18,"Singing","CA03",2024-06-07,7H 42M 0S,159,2024,NA,NA,NA,NA,NA,NA,NA,NA,NA,NA,NA,NA,NA,NA,NA,NA,NA,"Singing","Singing",NA,NA,NA,NA,NA
"12","680",2,"Singing","CA01",2024-06-07,7H 0M 0S,159,2024,NA,"Singing","Singing","Singing","Singing","Singing","Singing","Singing","Singing","Singing","Singing","Singing","Singing","Singing","Singing",NA,NA,NA,"Singing","Singing","Singing","Singing","Singing","Singing"
"13","681",2,"Singing","CA01",2024-06-07,7H 0M 0S,159,2024,NA,"Singing","Singing","Singing","Singing","Singing","Singing",NA,NA,NA,NA,NA,"Singing","Singing",NA,NA,NA,NA,NA,NA,NA,NA,NA,NA
"14","682",11,"Singing","CA01",2024-06-07,7H 0M 0S,159,2024,NA,NA,NA,NA,NA,NA,NA,NA,NA,NA,"Singing","Singing",NA,NA,NA,NA,NA,NA,NA,NA,NA,"Singing",NA,NA
"15","683",16,"Singing","CA01",2024-06-07,7H 0M 0S,159,2024,NA,NA,NA,NA,NA,NA,NA,NA,NA,NA,NA,NA,NA,NA,NA,"Singing",NA,"Singing",NA,NA,NA,NA,NA,NA
"16","684",1,"Singing","CA02",2024-06-07,6H 16M 0S,159,2024,"Singing",NA,"Visual","Singing","Singing","Visual","Visual","Visual","Visual","Singing","Visual","Singing","Visual","Singing","Singing","Singing","Singing","Visual","Singing","Visual","Singing","Visual","Visual","Singing"
"17","685",1,"Singing","CA02",2024-06-07,6H 16M 0S,159,2024,"Singing","Singing","Singing",NA,"Singing",NA,"Singing",NA,NA,"Singing","Singing",NA,"Singing","Singing","Singing",NA,NA,"Singing",NA,NA,NA,NA,"Singing","Singing"
"18","686",2,"Visual","CA02",2024-06-07,6H 16M 0S,159,2024,NA,"Visual",NA,NA,NA,NA,"Visual","Visual",NA,NA,NA,NA,NA,NA,NA,NA,NA,NA,NA,NA,NA,NA,NA,NA
"19","687",19,"Singing","CA02",2024-06-07,6H 16M 0S,159,2024,NA,NA,NA,NA,NA,NA,NA,NA,NA,NA,NA,NA,NA,NA,NA,NA,NA,NA,"Singing","Singing","Singing","Singing","Singing","Singing"
"20","689",1,"Singing","CA04",2024-06-07,5H 35M 0S,159,2024,"Singing","Singing","Singing","Singing","Singing","Singing",NA,NA,"Calling","Singing",NA,"Singing",NA,"Singing","Singing",NA,NA,NA,"Singing","Singing","Singing","Singing","Singing","Singing"
"21","690",2,"Singing","CA04",2024-06-07,5H 35M 0S,159,2024,NA,"Singing","Singing","Singing","Singing","Singing",NA,NA,"Singing",NA,NA,NA,NA,NA,NA,NA,NA,"Singing","Singing",NA,"Singing",NA,NA,NA
"22","691",12,"Singing","CA04",2024-06-07,5H 35M 0S,159,2024,NA,NA,NA,NA,NA,NA,NA,NA,NA,NA,NA,"Singing","Singing","Singing","Singing","Singing","Singing","Singing","Singing","Singing","Visual","Visual","Singing","Visual"
"23","692",10,"Singing","9",2024-06-06,8H 29M 0S,158,2024,NA,NA,NA,NA,NA,NA,NA,NA,NA,"Singing","Singing","Singing","Singing","Singing","Singing","Singing",NA,NA,NA,NA,NA,"Singing","Singing","Singing"
"24","694",11,"Singing","3367",2024-06-06,6H 54M 0S,158,2024,NA,NA,NA,NA,NA,NA,NA,NA,NA,NA,"Singing","Singing","Singing",NA,NA,NA,NA,NA,NA,NA,NA,NA,NA,NA
"25","695",14,"Calling","3367",2024-06-06,6H 54M 0S,158,2024,NA,NA,NA,NA,NA,NA,NA,NA,NA,NA,NA,NA,NA,"Calling",NA,NA,NA,NA,NA,NA,NA,NA,NA,NA
"26","696",14,"Calling","3367",2024-06-06,6H 54M 0S,158,2024,NA,NA,NA,NA,NA,NA,NA,NA,NA,NA,NA,NA,NA,"Calling",NA,NA,NA,NA,NA,NA,NA,NA,NA,NA
"27","697",14,"Visual","3367",2024-06-06,6H 54M 0S,158,2024,NA,NA,NA,NA,NA,NA,NA,NA,NA,NA,NA,NA,NA,"Visual",NA,NA,NA,NA,NA,NA,NA,NA,NA,NA
"28","698",14,"Visual","3367",2024-06-06,6H 54M 0S,158,2024,NA,NA,NA,NA,NA,NA,NA,NA,NA,NA,NA,NA,NA,"Visual",NA,NA,NA,NA,NA,NA,NA,NA,NA,NA
"29","701",1,"Singing","4619",2024-06-06,6H 7M 0S,158,2024,"Singing",NA,"Singing","Singing",NA,NA,NA,"Singing","Singing","Singing","Singing","Singing",NA,"Singing","Singing","Singing",NA,NA,NA,NA,NA,NA,NA,NA
"30","720",10,"Singing","3367",2024-06-17,7H 36M 0S,169,2024,NA,NA,NA,NA,NA,NA,NA,NA,NA,"Singing","Singing","Singing","Singing",NA,"Singing",NA,NA,NA,NA,NA,NA,NA,NA,"Singing"
"31","721",18,"Singing","3367",2024-06-17,7H 36M 0S,169,2024,NA,NA,NA,NA,NA,NA,NA,NA,NA,NA,NA,NA,NA,NA,NA,NA,NA,"Singing",NA,NA,NA,"Singing","Singing","Singing"
"32","727",10,"Singing","984",2024-05-21,7H 32M 0S,142,2024,NA,NA,NA,NA,NA,NA,NA,NA,NA,"Singing","Singing","Visual","Visual","Visual","Visual","Visual","Visual","Visual","Visual","Visual","Visual","Visual","Visual","Visual"
"33","728",15,"Visual","984",2024-05-21,7H 32M 0S,142,2024,NA,NA,NA,NA,NA,NA,NA,NA,NA,NA,NA,NA,NA,NA,"Visual","Visual","Visual","Visual",NA,NA,"Visual",NA,NA,NA
"34","729",16,"Calling","984",2024-05-21,7H 32M 0S,142,2024,NA,NA,NA,NA,NA,NA,NA,NA,NA,NA,NA,NA,NA,NA,NA,"Calling",NA,NA,NA,NA,NA,NA,NA,NA
"35","730",16,"Calling","984",2024-05-21,7H 32M 0S,142,2024,NA,NA,NA,NA,NA,NA,NA,NA,NA,NA,NA,NA,NA,NA,NA,"Calling",NA,NA,NA,NA,NA,NA,NA,NA
"36","731",21,"Visual","984",2024-05-21,7H 32M 0S,142,2024,NA,NA,NA,NA,NA,NA,NA,NA,NA,NA,NA,NA,NA,NA,NA,NA,NA,NA,NA,NA,"Visual","Singing","Calling",NA
"37","733",1,"Singing","BS07",2024-05-22,9H 48M 0S,143,2024,"Singing","Visual",NA,NA,NA,NA,NA,NA,NA,NA,NA,NA,NA,NA,NA,NA,NA,NA,NA,NA,NA,NA,NA,NA
"38","734",1,"Calling","BS11",2024-05-22,7H 45M 0S,143,2024,"Calling","Calling","Calling","Singing","Visual",NA,"Calling","Calling","Calling","Singing","Singing","Visual","Singing","Singing","Singing","Singing",NA,NA,"Calling",NA,NA,NA,NA,NA
"39","735",1,"Calling","BS11",2024-05-22,7H 45M 0S,143,2024,"Calling","Calling","Calling","Calling","Visual",NA,"Calling","Calling","Calling",NA,NA,NA,NA,"Visual",NA,NA,NA,NA,NA,NA,NA,NA,NA,NA
"40","736",1,"Visual","BS11",2024-05-22,7H 45M 0S,143,2024,"Visual","Visual","Calling","Calling","Calling",NA,NA,NA,NA,NA,NA,NA,NA,"Visual",NA,NA,NA,NA,NA,NA,NA,NA,NA,NA
"41","737",3,"Calling","BS11",2024-05-22,7H 45M 0S,143,2024,NA,NA,"Calling","Calling","Calling","Visual","Visual",NA,"Singing",NA,NA,NA,NA,NA,NA,NA,NA,NA,NA,NA,NA,NA,NA,NA
"42","738",3,"Calling","BS10",2024-05-22,7H 4M 0S,143,2024,NA,NA,"Calling","Calling","Calling","Visual","Visual",NA,NA,NA,NA,"Visual",NA,NA,NA,NA,NA,NA,NA,NA,NA,NA,NA,NA
"43","739",5,"Visual","BS10",2024-05-22,7H 4M 0S,143,2024,NA,NA,NA,NA,"Visual","Calling",NA,NA,NA,NA,NA,NA,"Visual",NA,NA,NA,NA,NA,NA,NA,NA,NA,NA,NA
"44","740",6,"Visual","BS10",2024-05-22,7H 4M 0S,143,2024,NA,NA,NA,NA,NA,"Visual",NA,NA,NA,NA,NA,NA,NA,NA,NA,NA,NA,NA,NA,"Visual",NA,NA,"Visual","Visual"
"45","741",20,"Visual","BS10",2024-05-22,7H 4M 0S,143,2024,NA,NA,NA,NA,NA,NA,NA,NA,NA,NA,NA,NA,NA,NA,NA,NA,NA,NA,NA,"Visual",NA,NA,NA,NA
"46","742",20,"Visual","BS10",2024-05-22,7H 4M 0S,143,2024,NA,NA,NA,NA,NA,NA,NA,NA,NA,NA,NA,NA,NA,NA,NA,NA,NA,NA,NA,"Visual",NA,NA,NA,NA
"47","743",1,"Singing","984",2024-06-17,9H 24M 0S,169,2024,"Singing","Singing",NA,NA,NA,NA,NA,NA,NA,NA,NA,NA,NA,NA,NA,NA,NA,NA,NA,NA,NA,NA,NA,NA
"48","744",2,"Visual","984",2024-06-17,9H 24M 0S,169,2024,NA,"Visual",NA,NA,NA,NA,NA,NA,NA,NA,NA,NA,NA,NA,NA,NA,NA,NA,NA,NA,NA,NA,NA,NA
"49","745",3,"Visual","984",2024-06-17,9H 24M 0S,169,2024,NA,NA,"Visual",NA,NA,NA,NA,NA,"Visual","Visual",NA,NA,"Singing","Singing","Visual","Visual",NA,NA,NA,"Visual","Visual","Visual","Visual","Visual"
"50","746",3,"Visual","984",2024-06-17,9H 24M 0S,169,2024,NA,NA,"Visual",NA,NA,NA,NA,NA,NA,NA,NA,NA,NA,NA,NA,NA,NA,NA,NA,NA,NA,NA,NA,NA
"51","747",5,"Singing","984",2024-06-17,9H 24M 0S,169,2024,NA,NA,NA,NA,"Singing","Singing","Singing","Singing","Singing","Singing",NA,"Singing",NA,NA,NA,NA,NA,NA,NA,NA,NA,NA,NA,NA
"52","748",12,"Calling","984",2024-06-17,9H 24M 0S,169,2024,NA,NA,NA,NA,NA,NA,NA,NA,NA,NA,NA,"Calling",NA,NA,NA,NA,NA,NA,NA,NA,NA,NA,NA,NA
"53","750",21,"Calling","EW05",2024-06-07,7H 57M 0S,159,2024,NA,NA,NA,NA,NA,NA,NA,NA,NA,NA,NA,NA,NA,NA,NA,NA,NA,NA,NA,NA,"Calling","Singing","Singing","Calling"
"54","751",1,"Calling","EW03",2024-06-06,9H 50M 0S,158,2024,"Calling","Visual","Visual","Visual","Visual","Visual","Visual","Visual","Visual","Visual","Visual","Visual","Visual","Visual","Visual","Visual","Visual",NA,NA,NA,NA,NA,NA,NA
"55","752",6,"Calling","EW03",2024-06-06,9H 50M 0S,158,2024,NA,NA,NA,NA,NA,"Calling",NA,NA,NA,NA,NA,NA,NA,NA,NA,NA,NA,NA,NA,NA,NA,NA,NA,NA
"56","753",5,"Visual","EW02",2024-06-06,9H 14M 0S,158,2024,NA,NA,NA,NA,"Visual","Visual","Visual",NA,NA,NA,NA,NA,NA,NA,NA,NA,NA,"Singing","Singing",NA,NA,NA,NA,NA
"57","754",2,"Calling","5253",2024-06-06,6H 44M 0S,158,2024,NA,"Calling",NA,NA,NA,NA,NA,NA,NA,NA,NA,NA,NA,NA,NA,NA,NA,NA,NA,NA,NA,NA,NA,NA
"58","755",2,"Visual","5253",2024-06-06,6H 44M 0S,158,2024,NA,"Visual",NA,NA,NA,NA,NA,NA,NA,NA,NA,NA,NA,NA,NA,NA,NA,NA,NA,NA,NA,NA,NA,NA
"59","756",3,"Singing","958",2024-06-18,6H 49M 0S,170,2024,NA,NA,"Singing","Singing","Singing","Singing","Singing",NA,"Singing",NA,NA,NA,"Singing",NA,NA,NA,NA,NA,NA,NA,NA,"Singing",NA,NA
"60","757",1,"Singing","960",2024-06-18,7H 26M 0S,170,2024,"Singing","Singing","Singing","Singing","Singing",NA,NA,"Singing","Singing","Singing",NA,"Singing","Singing","Singing",NA,"Singing",NA,NA,NA,NA,"Singing","Singing",NA,NA
"61","758",1,"Singing","960",2024-06-18,7H 26M 0S,170,2024,"Singing","Singing","Singing","Singing","Singing","Singing","Singing","Singing","Singing","Singing","Singing","Singing","Singing","Singing","Singing","Singing","Singing","Singing","Singing","Singing","Singing","Singing","Singing",NA
"62","759",1,"Singing","960",2024-06-18,7H 26M 0S,170,2024,"Singing","Singing","Singing","Singing","Singing","Singing","Singing",NA,"Singing",NA,"Singing","Singing","Singing","Singing","Singing","Singing","Singing","Singing","Singing","Singing","Singing","Singing","Singing","Singing"
"63","765",1,"Visual","3929",2024-06-18,9H 19M 0S,170,2024,"Visual","Visual","Visual",NA,"Singing","Singing","Singing","Singing","Singing",NA,NA,NA,NA,NA,"Visual",NA,NA,NA,NA,"Visual","Visual","Visual",NA,"Visual"
"64","766",1,"Visual","3929",2024-06-18,9H 19M 0S,170,2024,"Visual","Visual","Visual","Visual","Visual","Visual","Visual","Visual","Visual","Visual","Visual","Visual","Visual","Visual","Visual","Visual","Visual","Visual","Visual","Visual","Visual","Visual","Visual","Visual"
"65","767",3,"Visual","3929",2024-06-18,9H 19M 0S,170,2024,NA,NA,"Visual",NA,NA,NA,"Visual","Visual",NA,NA,"Visual","Visual","Visual","Visual","Visual","Visual","Visual","Visual","Visual","Visual","Visual","Visual","Visual","Visual"
"66","768",19,"Singing","3929",2024-06-18,9H 19M 0S,170,2024,NA,NA,NA,NA,NA,NA,NA,NA,NA,NA,NA,NA,NA,NA,NA,NA,NA,NA,"Singing","Singing",NA,NA,NA,NA
"67","769",21,"Singing","CC04",2024-05-22,7H 51M 0S,143,2024,NA,NA,NA,NA,NA,NA,NA,NA,NA,NA,NA,NA,NA,NA,NA,NA,NA,NA,NA,NA,"Singing","Singing","Singing",NA
"68","770",16,"Singing","CC02",2024-05-22,7H 13M 0S,143,2024,NA,NA,NA,NA,NA,NA,NA,NA,NA,NA,NA,NA,NA,NA,NA,"Singing","Singing","Singing",NA,NA,"Singing",NA,NA,NA
"69","772",4,"Singing","EW07",2024-06-17,5H 35M 0S,169,2024,NA,NA,NA,"Singing",NA,NA,NA,NA,NA,NA,NA,NA,NA,NA,"Singing","Singing","Singing",NA,NA,NA,NA,NA,NA,NA
"70","773",1,"Singing","EW06",2024-06-17,6H 13M 0S,169,2024,"Singing","Singing","Singing","Singing","Singing",NA,NA,NA,NA,NA,"Singing","Singing","Singing",NA,"Singing","Singing",NA,NA,NA,NA,"Singing",NA,NA,"Singing"
"71","774",1,"Calling","EW06",2024-06-17,6H 13M 0S,169,2024,"Calling","Calling","Calling",NA,"Calling",NA,NA,"Calling",NA,NA,NA,NA,NA,NA,NA,NA,NA,NA,NA,NA,NA,NA,NA,NA
"72","775",1,"Calling","EW06",2024-06-17,6H 13M 0S,169,2024,"Calling","Singing","Calling",NA,NA,NA,NA,"Calling",NA,NA,"Singing",NA,"Singing","Singing",NA,NA,NA,NA,NA,NA,NA,"Singing",NA,NA
"73","776",13,"Singing","EW06",2024-06-17,6H 13M 0S,169,2024,NA,NA,NA,NA,NA,NA,NA,NA,NA,NA,NA,NA,"Singing",NA,"Singing",NA,NA,NA,NA,NA,NA,NA,NA,NA
"74","777",13,"Singing","EW06",2024-06-17,6H 13M 0S,169,2024,NA,NA,NA,NA,NA,NA,NA,NA,NA,NA,NA,NA,"Singing","Singing",NA,NA,NA,NA,NA,NA,NA,NA,"Visual",NA
"75","778",23,"Visual","EW06",2024-06-17,6H 13M 0S,169,2024,NA,NA,NA,NA,NA,NA,NA,NA,NA,NA,NA,NA,NA,NA,NA,NA,NA,NA,NA,NA,NA,NA,"Visual",NA
"76","780",1,"Singing","EW05",2024-06-17,6H 51M 0S,169,2024,"Singing","Singing","Singing",NA,NA,NA,NA,NA,NA,NA,NA,NA,NA,NA,NA,NA,NA,NA,NA,NA,"Singing",NA,NA,NA
"77","781",2,"Singing","EW05",2024-06-17,6H 51M 0S,169,2024,NA,"Singing","Singing","Singing",NA,NA,NA,NA,NA,NA,"Singing",NA,NA,NA,NA,NA,NA,NA,NA,NA,NA,NA,NA,NA
"78","782",6,"Visual","EW05",2024-06-17,6H 51M 0S,169,2024,NA,NA,NA,NA,NA,"Visual","Singing","Singing","Calling","Singing","Singing","Visual",NA,NA,NA,"Singing","Visual","Singing","Visual","Visual","Singing","Visual","Visual","Singing"
"79","783",6,"Visual","EW05",2024-06-17,6H 51M 0S,169,2024,NA,NA,NA,NA,NA,"Visual",NA,"Visual","Visual","Calling",NA,NA,NA,NA,NA,NA,NA,NA,NA,NA,NA,NA,NA,NA
"80","786",1,"Singing","EW02",2024-06-17,8H 7M 0S,169,2024,"Singing","Singing","Singing","Singing","Singing","Singing",NA,NA,NA,NA,NA,NA,NA,NA,NA,NA,NA,NA,NA,NA,NA,NA,NA,NA
"81","787",21,"Calling","EW02",2024-06-17,8H 7M 0S,169,2024,NA,NA,NA,NA,NA,NA,NA,NA,NA,NA,NA,NA,NA,NA,NA,NA,NA,NA,NA,NA,"Calling",NA,NA,NA
"82","788",21,"Visual","EW02",2024-06-17,8H 7M 0S,169,2024,NA,NA,NA,NA,NA,NA,NA,NA,NA,NA,NA,NA,NA,NA,NA,NA,NA,NA,NA,NA,"Visual",NA,NA,NA
"83","790",1,"Singing","EW03",2024-06-17,8H 42M 0S,169,2024,"Singing","Singing","Singing","Singing","Singing",NA,NA,NA,NA,NA,NA,"Singing","Singing","Singing","Singing",NA,"Singing","Singing","Singing",NA,NA,NA,NA,NA
"84","791",1,"Singing","EW03",2024-06-17,8H 42M 0S,169,2024,"Singing","Singing","Singing","Singing","Singing","Singing",NA,NA,NA,NA,"Singing","Singing",NA,NA,NA,"Singing","Singing","Singing",NA,NA,NA,NA,NA,NA
"85","792",18,"Singing","936",2024-06-18,5H 27M 0S,170,2024,NA,NA,NA,NA,NA,NA,NA,NA,NA,NA,NA,NA,NA,NA,NA,NA,NA,"Singing","Singing",NA,NA,NA,NA,NA
"86","793",21,"Visual","936",2024-06-18,5H 27M 0S,170,2024,NA,NA,NA,NA,NA,NA,NA,NA,NA,NA,NA,NA,NA,NA,NA,NA,NA,NA,NA,NA,"Visual",NA,NA,NA
"87","794",21,"Visual","936",2024-06-18,5H 27M 0S,170,2024,NA,NA,NA,NA,NA,NA,NA,NA,NA,NA,NA,NA,NA,NA,NA,NA,NA,NA,NA,NA,"Visual",NA,NA,NA
"88","795",21,"Visual","936",2024-06-18,5H 27M 0S,170,2024,NA,NA,NA,NA,NA,NA,NA,NA,NA,NA,NA,NA,NA,NA,NA,NA,NA,NA,NA,NA,"Visual",NA,NA,NA
"89","796",10,"Singing","CC01",2024-06-18,8H 12M 0S,170,2024,NA,NA,NA,NA,NA,NA,NA,NA,NA,"Singing","Singing","Singing","Singing",NA,NA,"Singing","Singing",NA,"Singing",NA,NA,NA,NA,NA
"90","797",4,"Calling","CC03",2024-06-18,8H 50M 0S,170,2024,NA,NA,NA,"Calling","Visual",NA,NA,NA,NA,NA,NA,NA,NA,NA,NA,NA,NA,NA,NA,NA,NA,NA,NA,NA
"91","803",1,"Visual","BS07",2024-06-06,7H 12M 0S,158,2024,"Visual",NA,NA,NA,NA,NA,NA,NA,NA,NA,NA,NA,NA,NA,NA,NA,NA,NA,NA,NA,NA,NA,NA,NA
"92","804",1,"Calling","BS07",2024-06-06,7H 12M 0S,158,2024,"Calling","Singing","Visual","Singing","Singing","Singing",NA,"Calling",NA,NA,NA,NA,NA,NA,NA,NA,NA,NA,NA,NA,NA,NA,NA,NA
"93","805",5,"Singing","BS07",2024-06-06,7H 12M 0S,158,2024,NA,NA,NA,NA,"Singing",NA,NA,NA,NA,NA,NA,NA,NA,NA,NA,NA,NA,NA,NA,NA,NA,NA,NA,NA
"94","806",13,"Singing","BS07",2024-06-06,7H 12M 0S,158,2024,NA,NA,NA,NA,NA,NA,NA,NA,NA,NA,NA,NA,"Singing",NA,NA,NA,NA,NA,NA,NA,NA,NA,NA,NA
"95","808",23,"Singing","BS08",2024-06-06,7H 57M 0S,158,2024,NA,NA,NA,NA,NA,NA,NA,NA,NA,NA,NA,NA,NA,NA,NA,NA,NA,NA,NA,NA,NA,NA,"Singing",NA
"96","809",1,"Singing","BS09",2024-06-06,6H 14M 0S,158,2024,"Singing","Singing","Singing",NA,NA,NA,NA,"Singing","Singing","Singing","Singing",NA,NA,NA,NA,NA,NA,NA,"Singing","Singing",NA,NA,NA,NA
"97","810",1,"Singing","BS09",2024-06-06,6H 14M 0S,158,2024,"Singing","Singing","Singing","Singing","Singing",NA,NA,NA,NA,"Singing","Singing","Singing","Singing",NA,NA,NA,NA,NA,NA,NA,NA,"Singing","Singing","Singing"
"98","812",1,"Visual","BS02",2024-05-22,7H 39M 0S,143,2024,"Visual","Singing","Singing","Singing","Singing",NA,"Singing","Singing","Calling",NA,"Visual","Singing","Visual","Visual","Visual","Visual",NA,NA,"Singing",NA,"Visual",NA,NA,NA
"99","813",1,"Singing","BS02",2024-05-22,7H 39M 0S,143,2024,"Singing","Singing","Singing","Singing",NA,"Calling","Visual",NA,NA,NA,"Visual","Singing","Singing","Singing","Singing","Singing","Singing","Singing","Singing","Singing",NA,NA,NA,NA
"100","814",1,"Singing","BS02",2024-05-22,7H 39M 0S,143,2024,"Singing","Singing","Singing","Singing","Singing",NA,NA,"Singing",NA,NA,"Visual","Singing","Singing","Singing","Singing","Singing","Singing","Singing","Singing","Singing","Singing","Singing","Singing",NA
"101","815",3,"Singing","BS02",2024-05-22,7H 39M 0S,143,2024,NA,NA,"Singing","Visual",NA,"Calling","Singing",NA,"Singing",NA,NA,"Singing","Singing","Singing","Singing","Singing","Singing","Singing","Singing","Singing","Singing",NA,NA,NA
"102","816",7,"Visual","BS02",2024-05-22,7H 39M 0S,143,2024,NA,NA,NA,NA,NA,NA,"Visual",NA,NA,NA,NA,NA,"Singing","Singing","Singing","Singing","Visual",NA,NA,NA,NA,NA,NA,NA
"103","817",9,"Visual","BS02",2024-05-22,7H 39M 0S,143,2024,NA,NA,NA,NA,NA,NA,NA,NA,"Visual","Visual",NA,NA,NA,NA,NA,NA,"Visual",NA,NA,NA,NA,NA,"Calling","Calling"
"104","818",17,"Visual","BS02",2024-05-22,7H 39M 0S,143,2024,NA,NA,NA,NA,NA,NA,NA,NA,NA,NA,NA,NA,NA,NA,NA,NA,"Visual",NA,NA,NA,NA,NA,"Calling","Calling"
"105","819",1,"Singing","BS05",2024-05-22,8H 24M 0S,143,2024,"Singing","Singing","Singing","Calling",NA,"Singing","Singing",NA,NA,NA,"Singing",NA,NA,"Visual","Singing","Visual","Visual","Visual","Visual","Visual","Visual","Visual","Visual","Visual"
"106","820",4,"Singing","BS05",2024-05-22,8H 24M 0S,143,2024,NA,NA,NA,"Singing",NA,NA,NA,NA,NA,"Singing",NA,NA,NA,NA,NA,NA,NA,NA,NA,NA,NA,NA,NA,NA
"107","821",1,"Singing","BS05",2024-05-22,8H 24M 0S,143,2024,"Singing",NA,NA,NA,NA,NA,NA,NA,NA,"Singing",NA,"Singing",NA,"Singing",NA,NA,"Singing",NA,NA,NA,NA,NA,NA,NA
"108","822",12,"Calling","BS05",2024-05-22,8H 24M 0S,143,2024,NA,NA,NA,NA,NA,NA,NA,NA,NA,NA,NA,"Calling","Visual",NA,NA,"Visual",NA,NA,NA,NA,"Visual","Visual","Visual","Visual"
"109","823",12,"Calling","BS05",2024-05-22,8H 24M 0S,143,2024,NA,NA,NA,NA,NA,NA,NA,NA,NA,NA,NA,"Calling","Visual",NA,NA,NA,NA,NA,NA,NA,NA,NA,NA,NA
"110","824",13,"Visual","BS05",2024-05-22,8H 24M 0S,143,2024,NA,NA,NA,NA,NA,NA,NA,NA,NA,NA,NA,NA,"Visual","Visual","Visual","Visual","Visual","Visual","Visual","Visual","Visual","Visual","Visual","Visual"
"111","825",4,"Singing","BS03",2024-05-22,9H 9M 0S,143,2024,NA,NA,NA,"Singing","Singing","Singing","Singing","Singing",NA,NA,NA,NA,NA,"Singing","Singing",NA,NA,NA,NA,"Singing","Singing","Singing","Visual",NA
"112","826",7,"Singing","BS04",2024-05-22,9H 55M 0S,143,2024,NA,NA,NA,NA,NA,NA,"Singing",NA,"Singing","Singing","Singing","Singing","Singing","Singing","Singing","Singing","Singing","Visual",NA,NA,NA,NA,NA,NA
"113","827",1,"Visual","BS01",2024-05-22,6H 59M 0S,143,2024,"Visual","Visual","Singing","Singing","Singing","Singing","Visual","Singing","Singing","Singing","Singing","Visual","Visual","Visual","Visual","Visual",NA,NA,NA,NA,NA,NA,"Visual","Visual"
"114","828",1,"Visual","BS01",2024-05-22,6H 59M 0S,143,2024,"Visual","Visual",NA,NA,NA,NA,NA,NA,NA,NA,NA,NA,NA,"Visual","Visual","Visual",NA,NA,NA,"Visual",NA,NA,NA,"Visual"
"115","829",12,"Calling","BS01",2024-05-22,6H 59M 0S,143,2024,NA,NA,NA,NA,NA,NA,NA,NA,NA,NA,NA,"Calling","Visual",NA,NA,NA,NA,NA,"Visual",NA,NA,NA,"Visual",NA
"116","830",13,"Visual","BS01",2024-05-22,6H 59M 0S,143,2024,NA,NA,NA,NA,NA,NA,NA,NA,NA,NA,NA,NA,"Visual",NA,NA,NA,NA,NA,"Calling",NA,NA,NA,"Visual",NA
"117","831",19,"Visual","BS01",2024-05-22,6H 59M 0S,143,2024,NA,NA,NA,NA,NA,NA,NA,NA,NA,NA,NA,NA,NA,NA,NA,NA,NA,NA,"Visual","Visual",NA,NA,NA,NA
"118","832",1,"Singing","3929",2024-05-21,9H 41M 0S,142,2024,"Singing",NA,NA,NA,NA,NA,NA,"Visual","Visual","Visual","Singing",NA,NA,NA,NA,NA,NA,NA,NA,NA,NA,NA,NA,NA
"119","833",1,"Visual","3929",2024-05-21,9H 41M 0S,142,2024,"Visual",NA,NA,NA,NA,NA,NA,NA,NA,NA,NA,NA,NA,NA,NA,NA,NA,NA,NA,NA,NA,NA,NA,NA
"120","834",17,"Visual","3929",2024-05-21,9H 41M 0S,142,2024,NA,NA,NA,NA,NA,NA,NA,NA,NA,NA,NA,NA,NA,NA,NA,NA,"Visual","Visual","Visual","Visual","Visual","Visual","Visual","Visual"
"121","835",17,"Visual","3929",2024-05-21,9H 41M 0S,142,2024,NA,NA,NA,NA,NA,NA,NA,NA,NA,NA,NA,NA,NA,NA,NA,NA,"Visual","Visual","Visual","Visual","Visual",NA,NA,NA
"122","836",1,"Singing","2181",2024-05-21,8H 45M 0S,142,2024,"Singing","Singing",NA,NA,NA,NA,NA,NA,NA,NA,NA,NA,NA,NA,NA,NA,NA,NA,NA,"Calling","Visual","Visual","Visual","Visual"
"123","837",17,"Calling","2181",2024-05-21,8H 45M 0S,142,2024,NA,NA,NA,NA,NA,NA,NA,NA,NA,NA,NA,NA,NA,NA,NA,NA,"Calling",NA,NA,NA,NA,NA,NA,NA
"124","840",2,"Singing","3719",2024-05-21,8H 1M 0S,142,2024,NA,"Singing",NA,NA,NA,"Visual",NA,NA,"Singing",NA,NA,NA,NA,NA,NA,NA,NA,NA,NA,NA,NA,NA,NA,NA
"125","841",1,"Singing","3720",2024-05-21,7H 12M 0S,142,2024,"Singing","Singing","Singing",NA,NA,NA,NA,NA,NA,NA,NA,"Visual","Singing","Visual","Singing","Visual","Visual","Visual","Visual",NA,NA,NA,NA,NA
"126","842",1,"Visual","3720",2024-05-21,7H 12M 0S,142,2024,"Visual","Visual","Visual","Visual","Visual","Visual","Visual","Visual","Visual","Visual",NA,NA,NA,NA,NA,NA,NA,NA,NA,NA,NA,NA,NA,NA
"127","843",1,"Visual","3720",2024-05-21,7H 12M 0S,142,2024,"Visual","Visual","Visual","Visual","Visual","Visual","Visual","Visual","Visual","Visual",NA,NA,NA,NA,NA,NA,NA,NA,NA,NA,NA,NA,NA,NA
"128","844",17,"Visual","3720",2024-05-21,7H 12M 0S,142,2024,NA,NA,NA,NA,NA,NA,NA,NA,NA,NA,NA,NA,NA,NA,NA,NA,"Visual","Visual","Visual",NA,NA,NA,NA,NA
"129","847",1,"Singing","5463",2024-05-22,7H 3M 0S,143,2024,"Singing",NA,NA,NA,NA,NA,NA,NA,NA,NA,NA,NA,NA,NA,NA,NA,NA,NA,NA,NA,NA,NA,NA,NA
"130","848",1,"Calling","BS01",2024-06-06,9H 42M 0S,158,2024,"Calling","Calling","Visual","Visual","Visual","Visual","Visual","Visual","Visual","Visual","Visual","Singing","Singing","Singing","Singing","Visual","Visual","Visual","Visual","Visual","Visual","Singing","Visual","Visual"
"131","849",2,"Calling","BS01",2024-06-06,9H 42M 0S,158,2024,NA,"Calling","Visual",NA,NA,"Visual","Visual","Visual","Visual","Visual","Visual","Visual","Visual","Visual","Visual","Visual",NA,"Visual","Visual","Visual","Visual","Visual","Visual","Calling"
"132","850",15,"Singing","BS01",2024-06-06,9H 42M 0S,158,2024,NA,NA,NA,NA,NA,NA,NA,NA,NA,NA,NA,NA,NA,NA,"Singing",NA,"Singing",NA,NA,NA,"Singing","Singing","Singing","Singing"
"133","851",1,"Singing","3720",2024-06-06,9H 3M 0S,158,2024,"Singing","Singing","Visual","Visual","Visual","Singing",NA,"Calling",NA,NA,NA,NA,"Visual","Visual","Visual","Visual","Visual","Visual","Visual","Visual","Visual","Visual","Singing","Singing"
"134","852",1,"Singing","3720",2024-06-06,9H 3M 0S,158,2024,"Singing","Singing","Singing",NA,NA,NA,NA,NA,NA,NA,NA,NA,NA,NA,NA,NA,NA,NA,NA,NA,NA,NA,"Singing","Singing"
"135","853",18,"Visual","3720",2024-06-06,9H 3M 0S,158,2024,NA,NA,NA,NA,NA,NA,NA,NA,NA,NA,NA,NA,NA,NA,NA,NA,NA,"Visual","Visual","Visual","Visual","Visual","Visual",NA
"136","855",1,"Singing","BS03",2024-06-06,8H 17M 0S,158,2024,"Singing","Singing",NA,"Calling","Singing","Singing","Calling",NA,NA,NA,NA,NA,NA,"Singing","Singing","Singing","Singing","Singing","Singing","Singing","Singing",NA,NA,"Singing"
"137","856",2,"Singing","BS03",2024-06-06,8H 17M 0S,158,2024,NA,"Singing",NA,NA,"Singing",NA,NA,NA,"Calling",NA,NA,NA,"Singing","Singing","Singing","Singing",NA,NA,NA,NA,NA,NA,NA,NA
"138","857",14,"Singing","BS03",2024-06-06,8H 17M 0S,158,2024,NA,NA,NA,NA,NA,NA,NA,NA,NA,NA,NA,NA,NA,"Singing","Singing",NA,NA,NA,NA,NA,NA,NA,"Singing","Singing"
"139","858",15,"Singing","BS03",2024-06-06,8H 17M 0S,158,2024,NA,NA,NA,NA,NA,NA,NA,NA,NA,NA,NA,NA,NA,NA,"Singing","Singing","Singing","Singing","Singing","Singing","Singing","Singing",NA,"Singing"
"140","859",20,"Singing","BS03",2024-06-06,8H 17M 0S,158,2024,NA,NA,NA,NA,NA,NA,NA,NA,NA,NA,NA,NA,NA,NA,NA,NA,NA,NA,NA,"Singing","Singing","Singing","Singing",NA
"141","860",1,"Singing","3719",2024-06-06,7H 28M 0S,158,2024,"Singing","Singing",NA,"Singing","Singing","Singing","Singing","Singing",NA,"Singing","Singing",NA,"Singing","Singing",NA,"Singing",NA,"Singing","Singing","Singing","Singing","Singing",NA,NA
"142","861",3,"Singing","3719",2024-06-06,7H 28M 0S,158,2024,NA,NA,"Singing","Singing","Singing","Singing","Singing","Singing","Singing","Singing","Singing","Singing","Singing","Singing","Singing","Singing","Singing","Singing","Singing","Singing","Singing","Singing","Singing","Singing"
"143","862",1,"Singing","BS06",2024-06-06,5H 42M 0S,158,2024,"Singing","Calling","Calling","Visual","Visual","Visual","Visual","Visual","Visual","Visual","Visual","Visual",NA,NA,"Calling",NA,NA,NA,NA,NA,NA,NA,NA,NA
"144","863",2,"Visual","BS06",2024-06-06,5H 42M 0S,158,2024,NA,"Visual","Calling","Calling",NA,NA,NA,"Visual","Visual","Visual","Visual","Visual",NA,NA,NA,NA,NA,NA,NA,NA,NA,NA,NA,NA
"145","864",14,"Singing","BS06",2024-06-06,5H 42M 0S,158,2024,NA,NA,NA,NA,NA,NA,NA,NA,NA,NA,NA,NA,NA,"Singing",NA,"Singing","Singing","Singing","Singing","Singing","Singing","Singing",NA,NA
"146","865",15,"Singing","BS06",2024-06-06,5H 42M 0S,158,2024,NA,NA,NA,NA,NA,NA,NA,NA,NA,NA,NA,NA,NA,NA,"Singing","Singing","Singing",NA,NA,"Singing","Singing","Singing",NA,"Calling"
"147","867",1,"Singing","BS04",2024-06-06,6H 50M 0S,158,2024,"Singing","Singing","Singing","Singing","Singing",NA,NA,NA,NA,NA,NA,NA,NA,NA,NA,"Singing","Singing","Singing","Singing","Singing",NA,"Singing",NA,"Singing"
"148","868",1,"Singing","BS04",2024-06-06,6H 50M 0S,158,2024,"Singing",NA,NA,NA,NA,NA,NA,NA,NA,NA,NA,NA,NA,NA,NA,NA,NA,NA,NA,"Singing","Visual","Singing","Singing","Singing"
"149","869",21,"Visual","BS04",2024-06-06,6H 50M 0S,158,2024,NA,NA,NA,NA,NA,NA,NA,NA,NA,NA,NA,NA,NA,NA,NA,NA,NA,NA,NA,NA,"Visual","Singing","Singing",NA
"150","870",7,"Visual","5383",2024-06-07,7H 45M 0S,159,2024,NA,NA,NA,NA,NA,NA,"Visual","Visual","Visual","Visual","Visual","Visual","Visual","Visual","Visual","Visual","Visual","Visual","Visual","Visual","Visual","Visual","Visual",NA
"151","871",8,"Visual","5383",2024-06-07,7H 45M 0S,159,2024,NA,NA,NA,NA,NA,NA,NA,"Visual","Visual","Visual","Visual","Visual","Visual","Visual","Visual","Visual","Singing","Singing","Singing","Visual","Visual","Visual","Visual","Visual"
"152","873",3,"Visual","CA06",2024-06-07,7H 16M 0S,159,2024,NA,NA,"Visual",NA,NA,NA,NA,NA,NA,NA,NA,NA,NA,NA,NA,NA,NA,NA,NA,NA,NA,NA,NA,NA
"153","874",3,"Visual","CA06",2024-06-07,7H 16M 0S,159,2024,NA,NA,"Visual",NA,NA,NA,NA,NA,NA,NA,NA,NA,NA,NA,NA,NA,NA,NA,NA,NA,NA,NA,NA,NA
"154","875",11,"Singing","CA06",2024-06-07,7H 16M 0S,159,2024,NA,NA,NA,NA,NA,NA,NA,NA,NA,NA,"Singing","Singing","Singing","Singing","Singing","Singing","Visual","Visual","Visual","Singing",NA,NA,NA,NA
"155","877",5,"Singing","CA05",2024-06-07,6H 1M 0S,159,2024,NA,NA,NA,NA,"Singing","Singing","Singing",NA,NA,NA,NA,NA,NA,"Calling","Calling","Calling",NA,NA,NA,NA,NA,NA,NA,NA
"156","878",10,"Singing","CA05",2024-06-07,6H 1M 0S,159,2024,NA,NA,NA,NA,NA,NA,NA,NA,NA,"Singing","Singing","Singing","Singing",NA,NA,NA,NA,"Singing","Singing",NA,NA,NA,NA,NA
"157","879",14,"Calling","CA05",2024-06-07,6H 1M 0S,159,2024,NA,NA,NA,NA,NA,NA,NA,NA,NA,NA,NA,NA,NA,"Calling","Calling","Calling",NA,NA,NA,NA,NA,NA,NA,NA
"158","880",14,"Calling","CA05",2024-06-07,6H 1M 0S,159,2024,NA,NA,NA,NA,NA,NA,NA,NA,NA,NA,NA,NA,NA,"Calling","Calling",NA,NA,NA,NA,NA,NA,NA,NA,NA
"159","881",22,"Visual","CA05",2024-06-07,6H 1M 0S,159,2024,NA,NA,NA,NA,NA,NA,NA,NA,NA,NA,NA,NA,NA,NA,NA,NA,NA,NA,NA,NA,NA,"Visual","Visual","Visual"
"160","882",22,"Visual","CA05",2024-06-07,6H 1M 0S,159,2024,NA,NA,NA,NA,NA,NA,NA,NA,NA,NA,NA,NA,NA,NA,NA,NA,NA,NA,NA,NA,NA,"Visual","Visual",NA
"161","884",6,"Singing","CA06",2024-06-01,7H 41M 0S,153,2024,NA,NA,NA,NA,NA,"Singing",NA,NA,NA,"Singing","Singing","Singing","Singing","Singing","Singing","Singing",NA,"Singing","Singing","Singing","Singing","Singing","Singing","Singing"
"162","885",14,"Visual","CA06",2024-06-01,7H 41M 0S,153,2024,NA,NA,NA,NA,NA,NA,NA,NA,NA,NA,NA,NA,NA,"Visual",NA,NA,NA,NA,NA,NA,NA,NA,NA,NA
"163","886",14,"Visual","CA06",2024-06-01,7H 41M 0S,153,2024,NA,NA,NA,NA,NA,NA,NA,NA,NA,NA,NA,NA,NA,"Visual",NA,NA,NA,NA,NA,NA,NA,NA,NA,NA
"164","887",23,"Visual","CA06",2024-06-01,7H 41M 0S,153,2024,NA,NA,NA,NA,NA,NA,NA,NA,NA,NA,NA,NA,NA,NA,NA,NA,NA,NA,NA,NA,NA,NA,"Visual","Visual"
"165","888",1,"Singing","CA07",2024-06-01,5H 30M 0S,153,2024,"Singing","Singing","Singing","Singing","Singing","Singing","Singing","Singing","Singing","Singing","Singing","Singing","Singing","Visual",NA,NA,"Singing","Singing","Singing","Singing","Singing","Singing","Singing","Singing"
"166","889",1,"Singing","CA07",2024-06-01,5H 30M 0S,153,2024,"Singing",NA,NA,NA,NA,NA,NA,NA,NA,NA,NA,NA,NA,NA,NA,NA,NA,NA,NA,NA,NA,NA,NA,NA
"167","890",1,"Visual","CA07",2024-06-01,5H 30M 0S,153,2024,"Visual","Visual","Visual","Singing",NA,"Visual",NA,NA,"Calling","Visual","Visual","Singing",NA,NA,NA,NA,"Singing",NA,NA,NA,NA,NA,NA,"Singing"
"168","891",1,"Singing","CA07",2024-06-01,5H 30M 0S,153,2024,"Singing","Singing",NA,NA,NA,"Singing","Singing","Singing",NA,NA,NA,"Calling","Singing",NA,NA,NA,NA,NA,NA,NA,NA,NA,NA,NA
"169","892",15,"Singing","CA07",2024-06-01,5H 30M 0S,153,2024,NA,NA,NA,NA,NA,NA,NA,NA,NA,NA,NA,NA,NA,NA,"Singing","Singing",NA,NA,NA,NA,NA,NA,NA,NA
"170","894",9,"Singing","CA02",2024-05-30,9H 12M 0S,151,2024,NA,NA,NA,NA,NA,NA,NA,NA,"Singing","Visual","Singing",NA,NA,NA,NA,NA,NA,NA,NA,NA,NA,NA,NA,NA
"171","895",17,"Visual","CA02",2024-05-30,9H 12M 0S,151,2024,NA,NA,NA,NA,NA,NA,NA,NA,NA,NA,NA,NA,NA,NA,NA,NA,"Visual",NA,NA,NA,NA,NA,NA,NA
"172","896",24,"Visual","CA02",2024-05-30,9H 12M 0S,151,2024,NA,NA,NA,NA,NA,NA,NA,NA,NA,NA,NA,NA,NA,NA,NA,NA,NA,NA,NA,NA,NA,NA,NA,"Visual"
"173","898",1,"Singing","CA04",2024-05-30,8H 33M 0S,151,2024,"Singing","Singing","Singing",NA,NA,NA,NA,NA,NA,NA,NA,NA,NA,NA,NA,NA,NA,NA,NA,NA,NA,NA,NA,NA
"174","899",3,"Singing","CA04",2024-05-30,8H 33M 0S,151,2024,NA,NA,"Singing","Singing","Singing","Singing",NA,NA,NA,NA,NA,NA,NA,NA,NA,NA,NA,NA,NA,NA,"Singing","Singing","Singing","Singing"
"175","900",7,"Visual","CA04",2024-05-30,8H 33M 0S,151,2024,NA,NA,NA,NA,NA,NA,"Visual","Visual","Visual",NA,NA,NA,NA,NA,NA,NA,NA,NA,NA,NA,NA,NA,NA,NA
"176","901",12,"Calling","CA04",2024-05-30,8H 33M 0S,151,2024,NA,NA,NA,NA,NA,NA,NA,NA,NA,NA,NA,"Calling",NA,NA,NA,NA,NA,NA,NA,NA,NA,NA,NA,NA
"177","902",12,"Singing","CA04",2024-05-30,8H 33M 0S,151,2024,NA,NA,NA,NA,NA,NA,NA,NA,NA,NA,NA,"Singing","Singing","Singing",NA,NA,NA,NA,NA,"Visual","Visual","Visual","Visual","Visual"
"178","903",8,"Singing","CA03",2024-05-30,7H 56M 0S,151,2024,NA,NA,NA,NA,NA,NA,NA,"Singing",NA,"Singing","Singing","Singing",NA,NA,NA,NA,NA,"Singing",NA,NA,NA,NA,NA,NA
"179","904",9,"Singing","CA03",2024-05-30,7H 56M 0S,151,2024,NA,NA,NA,NA,NA,NA,NA,NA,"Singing","Singing",NA,NA,NA,"Calling","Singing",NA,NA,NA,NA,"Singing","Singing","Singing",NA,NA
"180","905",17,"Singing","CA03",2024-05-30,7H 56M 0S,151,2024,NA,NA,NA,NA,NA,NA,NA,NA,NA,NA,NA,NA,NA,NA,NA,NA,"Singing",NA,NA,NA,NA,NA,NA,NA
"181","906",24,"Singing","CA03",2024-05-30,7H 56M 0S,151,2024,NA,NA,NA,NA,NA,NA,NA,NA,NA,NA,NA,NA,NA,NA,NA,NA,NA,NA,NA,NA,NA,NA,NA,"Singing"
"182","908",1,"Calling","CA01",2024-05-30,7H 22M 0S,151,2024,"Calling","Singing","Calling","Calling","Visual",NA,"Calling",NA,NA,NA,NA,NA,NA,NA,NA,NA,NA,NA,NA,NA,NA,"Visual","Visual","Visual"
"183","909",1,"Calling","CA01",2024-05-30,7H 22M 0S,151,2024,"Calling","Calling","Calling","Calling","Visual",NA,"Calling","Visual",NA,NA,NA,NA,NA,NA,NA,NA,NA,NA,NA,NA,NA,"Singing",NA,NA
"184","910",9,"Visual","CA01",2024-05-30,7H 22M 0S,151,2024,NA,NA,NA,NA,NA,NA,NA,NA,"Visual","Visual",NA,NA,"Visual",NA,"Visual","Visual",NA,NA,NA,NA,NA,NA,"Visual","Visual"
"185",NA,NA,NA,"932",2024-06-07,7H 56M 0S,159,2024,NA,NA,NA,NA,NA,NA,NA,NA,NA,NA,NA,NA,NA,NA,NA,NA,NA,NA,NA,NA,NA,NA,NA,NA
"186",NA,NA,NA,"1356",2024-06-07,8H 52M 0S,159,2024,NA,NA,NA,NA,NA,NA,NA,NA,NA,NA,NA,NA,NA,NA,NA,NA,NA,NA,NA,NA,NA,NA,NA,NA
"187",NA,NA,NA,"1356",2024-06-18,5H 31M 0S,170,2024,NA,NA,NA,NA,NA,NA,NA,NA,NA,NA,NA,NA,NA,NA,NA,NA,NA,NA,NA,NA,NA,NA,NA,NA
"188",NA,NA,NA,"1376",2024-06-07,6H 16M 0S,159,2024,NA,NA,NA,NA,NA,NA,NA,NA,NA,NA,NA,NA,NA,NA,NA,NA,NA,NA,NA,NA,NA,NA,NA,NA
"189",NA,NA,NA,"1376",2024-06-17,7H 37M 0S,169,2024,NA,NA,NA,NA,NA,NA,NA,NA,NA,NA,NA,NA,NA,NA,NA,NA,NA,NA,NA,NA,NA,NA,NA,NA
"190",NA,NA,NA,"1532",2024-06-17,5H 35M 0S,169,2024,NA,NA,NA,NA,NA,NA,NA,NA,NA,NA,NA,NA,NA,NA,NA,NA,NA,NA,NA,NA,NA,NA,NA,NA
"191",NA,NA,NA,"1532",2024-05-21,8H 13M 0S,142,2024,NA,NA,NA,NA,NA,NA,NA,NA,NA,NA,NA,NA,NA,NA,NA,NA,NA,NA,NA,NA,NA,NA,NA,NA
"192",NA,NA,NA,"1816",2024-06-07,6H 58M 0S,159,2024,NA,NA,NA,NA,NA,NA,NA,NA,NA,NA,NA,NA,NA,NA,NA,NA,NA,NA,NA,NA,NA,NA,NA,NA
"193",NA,NA,NA,"1816",2024-06-17,8H 14M 0S,169,2024,NA,NA,NA,NA,NA,NA,NA,NA,NA,NA,NA,NA,NA,NA,NA,NA,NA,NA,NA,NA,NA,NA,NA,NA
"194",NA,NA,NA,"2010",2024-06-18,6H 21M 0S,170,2024,NA,NA,NA,NA,NA,NA,NA,NA,NA,NA,NA,NA,NA,NA,NA,NA,NA,NA,NA,NA,NA,NA,NA,NA
"195",NA,NA,NA,"2011",2024-05-21,9H 12M 0S,142,2024,NA,NA,NA,NA,NA,NA,NA,NA,NA,NA,NA,NA,NA,NA,NA,NA,NA,NA,NA,NA,NA,NA,NA,NA
"196",NA,NA,NA,"2011",2024-06-18,6H 19M 0S,170,2024,NA,NA,NA,NA,NA,NA,NA,NA,NA,NA,NA,NA,NA,NA,NA,NA,NA,NA,NA,NA,NA,NA,NA,NA
"197","760",NA,NA,"2181",2024-06-18,8H 37M 0S,170,2024,NA,NA,NA,NA,NA,NA,NA,NA,NA,NA,NA,NA,NA,NA,NA,NA,NA,NA,NA,NA,NA,NA,NA,NA
"198",NA,NA,NA,"2946",2024-06-06,7H 41M 0S,158,2024,NA,NA,NA,NA,NA,NA,NA,NA,NA,NA,NA,NA,NA,NA,NA,NA,NA,NA,NA,NA,NA,NA,NA,NA
"199","722",NA,NA,"2946",2024-06-17,6H 45M 0S,169,2024,NA,NA,NA,NA,NA,NA,NA,NA,NA,NA,NA,NA,NA,NA,NA,NA,NA,NA,NA,NA,NA,NA,NA,NA
"200",NA,NA,NA,"4419",2024-06-17,6H 10M 0S,169,2024,NA,NA,NA,NA,NA,NA,NA,NA,NA,NA,NA,NA,NA,NA,NA,NA,NA,NA,NA,NA,NA,NA,NA,NA
"201","719",NA,NA,"4619",2024-06-17,8H 29M 0S,169,2024,NA,NA,NA,NA,NA,NA,NA,NA,NA,NA,NA,NA,NA,NA,NA,NA,NA,NA,NA,NA,NA,NA,NA,NA
"202",NA,NA,NA,"4882",2024-05-21,10H 2M 0S,142,2024,NA,NA,NA,NA,NA,NA,NA,NA,NA,NA,NA,NA,NA,NA,NA,NA,NA,NA,NA,NA,NA,NA,NA,NA
"203",NA,NA,NA,"4909",2024-05-21,7H 20M 0S,142,2024,NA,NA,NA,NA,NA,NA,NA,NA,NA,NA,NA,NA,NA,NA,NA,NA,NA,NA,NA,NA,NA,NA,NA,NA
"204",NA,NA,NA,"5252",2024-06-06,6H 8M 0S,158,2024,NA,NA,NA,NA,NA,NA,NA,NA,NA,NA,NA,NA,NA,NA,NA,NA,NA,NA,NA,NA,NA,NA,NA,NA
"205","669",NA,NA,"5253",2024-06-18,8H 3M 0S,170,2024,NA,NA,NA,NA,NA,NA,NA,NA,NA,NA,NA,NA,NA,NA,NA,NA,NA,NA,NA,NA,NA,NA,NA,NA
"206",NA,NA,NA,"5354",2024-06-17,6H 48M 0S,169,2024,NA,NA,NA,NA,NA,NA,NA,NA,NA,NA,NA,NA,NA,NA,NA,NA,NA,NA,NA,NA,NA,NA,NA,NA
"207",NA,NA,NA,"5383",2024-06-18,5H 28M 0S,170,2024,NA,NA,NA,NA,NA,NA,NA,NA,NA,NA,NA,NA,NA,NA,NA,NA,NA,NA,NA,NA,NA,NA,NA,NA
"208",NA,NA,NA,"5463",2024-06-18,7H 37M 0S,170,2024,NA,NA,NA,NA,NA,NA,NA,NA,NA,NA,NA,NA,NA,NA,NA,NA,NA,NA,NA,NA,NA,NA,NA,NA
"209",NA,NA,NA,"5576",2024-05-21,8H 48M 0S,142,2024,NA,NA,NA,NA,NA,NA,NA,NA,NA,NA,NA,NA,NA,NA,NA,NA,NA,NA,NA,NA,NA,NA,NA,NA
"210",NA,NA,NA,"5576",2024-06-17,10H 7M 0S,169,2024,NA,NA,NA,NA,NA,NA,NA,NA,NA,NA,NA,NA,NA,NA,NA,NA,NA,NA,NA,NA,NA,NA,NA,NA
"211",NA,NA,NA,"743",2024-06-06,5H 23M 0S,158,2024,NA,NA,NA,NA,NA,NA,NA,NA,NA,NA,NA,NA,NA,NA,NA,NA,NA,NA,NA,NA,NA,NA,NA,NA
"212","693",NA,NA,"9",2024-06-06,8H 29M 0S,158,2024,NA,NA,NA,NA,NA,NA,NA,NA,NA,NA,NA,NA,NA,NA,NA,NA,NA,NA,NA,NA,NA,NA,NA,NA
"213",NA,NA,NA,"9",2024-06-17,5H 55M 0S,169,2024,NA,NA,NA,NA,NA,NA,NA,NA,NA,NA,NA,NA,NA,NA,NA,NA,NA,NA,NA,NA,NA,NA,NA,NA
"214",NA,NA,NA,"932",2024-06-17,8H 54M 0S,169,2024,NA,NA,NA,NA,NA,NA,NA,NA,NA,NA,NA,NA,NA,NA,NA,NA,NA,NA,NA,NA,NA,NA,NA,NA
"215","732",NA,NA,"984",2024-05-21,7H 32M 0S,142,2024,NA,NA,NA,NA,NA,NA,NA,NA,NA,NA,NA,NA,NA,NA,NA,NA,NA,NA,NA,NA,NA,NA,NA,NA
"216",NA,NA,NA,"BS08",2024-05-22,9H 0M 0S,143,2024,NA,NA,NA,NA,NA,NA,NA,NA,NA,NA,NA,NA,NA,NA,NA,NA,NA,NA,NA,NA,NA,NA,NA,NA
"217","811",NA,NA,"BS09",2024-06-06,6H 14M 0S,158,2024,NA,NA,NA,NA,NA,NA,NA,NA,NA,NA,NA,NA,NA,NA,NA,NA,NA,NA,NA,NA,NA,NA,NA,NA
"218",NA,NA,NA,"BS10",2024-06-06,9H 27M 0S,158,2024,NA,NA,NA,NA,NA,NA,NA,NA,NA,NA,NA,NA,NA,NA,NA,NA,NA,NA,NA,NA,NA,NA,NA,NA
"219","679",NA,NA,"CA03",2024-06-07,7H 42M 0S,159,2024,NA,NA,NA,NA,NA,NA,NA,NA,NA,NA,NA,NA,NA,NA,NA,NA,NA,NA,NA,NA,NA,NA,NA,NA
"220","798",NA,NA,"CC03",2024-06-18,8H 50M 0S,170,2024,NA,NA,NA,NA,NA,NA,NA,NA,NA,NA,NA,NA,NA,NA,NA,NA,NA,NA,NA,NA,NA,NA,NA,NA
"221",NA,NA,NA,"CC04",2024-06-18,9H 27M 0S,170,2024,NA,NA,NA,NA,NA,NA,NA,NA,NA,NA,NA,NA,NA,NA,NA,NA,NA,NA,NA,NA,NA,NA,NA,NA
"222",NA,NA,NA,"EW01",2024-06-06,8H 25M 0S,158,2024,NA,NA,NA,NA,NA,NA,NA,NA,NA,NA,NA,NA,NA,NA,NA,NA,NA,NA,NA,NA,NA,NA,NA,NA
"223",NA,NA,NA,"EW01",2024-06-17,7H 32M 0S,169,2024,NA,NA,NA,NA,NA,NA,NA,NA,NA,NA,NA,NA,NA,NA,NA,NA,NA,NA,NA,NA,NA,NA,NA,NA
"224","789",NA,NA,"EW02",2024-06-17,8H 7M 0S,169,2024,NA,NA,NA,NA,NA,NA,NA,NA,NA,NA,NA,NA,NA,NA,NA,NA,NA,NA,NA,NA,NA,NA,NA,NA
"225",NA,NA,NA,"EW04",2024-06-07,5H 49M 0S,159,2024,NA,NA,NA,NA,NA,NA,NA,NA,NA,NA,NA,NA,NA,NA,NA,NA,NA,NA,NA,NA,NA,NA,NA,NA
"226",NA,NA,NA,"EW04",2024-06-17,9H 17M 0S,169,2024,NA,NA,NA,NA,NA,NA,NA,NA,NA,NA,NA,NA,NA,NA,NA,NA,NA,NA,NA,NA,NA,NA,NA,NA
"227","784",NA,NA,"EW05",2024-06-17,6H 51M 0S,169,2024,NA,NA,NA,NA,NA,NA,NA,NA,NA,NA,NA,NA,NA,NA,NA,NA,NA,NA,NA,NA,NA,NA,NA,NA
"228","785",NA,NA,"EW05",2024-06-17,6H 51M 0S,169,2024,NA,NA,NA,NA,NA,NA,NA,NA,NA,NA,NA,NA,NA,NA,NA,NA,NA,NA,NA,NA,NA,NA,NA,NA
"229","749",NA,NA,"EW06",2024-06-07,7H 10M 0S,159,2024,NA,NA,NA,NA,NA,NA,NA,NA,NA,NA,NA,NA,NA,NA,NA,NA,NA,NA,NA,NA,NA,NA,NA,NA
"230","779",NA,NA,"EW06",2024-06-17,6H 13M 0S,169,2024,NA,NA,NA,NA,NA,NA,NA,NA,NA,NA,NA,NA,NA,NA,NA,NA,NA,NA,NA,NA,NA,NA,NA,NA
"231",NA,NA,NA,"EW07",2024-06-07,6H 30M 0S,159,2024,NA,NA,NA,NA,NA,NA,NA,NA,NA,NA,NA,NA,NA,NA,NA,NA,NA,NA,NA,NA,NA,NA,NA,NA
"232","838",NA,NA,"2181",2024-05-21,8H 45M 0S,142,2024,NA,NA,NA,NA,NA,NA,NA,NA,NA,NA,NA,NA,NA,NA,NA,NA,NA,NA,NA,NA,NA,NA,NA,NA
"233","839",NA,NA,"2181",2024-05-21,8H 45M 0S,142,2024,NA,NA,NA,NA,NA,NA,NA,NA,NA,NA,NA,NA,NA,NA,NA,NA,NA,NA,NA,NA,NA,NA,NA,NA
"234",NA,NA,NA,"4909",2024-06-07,9H 15M 0S,159,2024,NA,NA,NA,NA,NA,NA,NA,NA,NA,NA,NA,NA,NA,NA,NA,NA,NA,NA,NA,NA,NA,NA,NA,NA
"235","845",NA,NA,"CC03",2024-05-22,8H 26M 0S,143,2024,NA,NA,NA,NA,NA,NA,NA,NA,NA,NA,NA,NA,NA,NA,NA,NA,NA,NA,NA,NA,NA,NA,NA,NA
"236","846",NA,NA,"CC03",2024-05-22,8H 26M 0S,143,2024,NA,NA,NA,NA,NA,NA,NA,NA,NA,NA,NA,NA,NA,NA,NA,NA,NA,NA,NA,NA,NA,NA,NA,NA
"237",NA,NA,NA,"CC01",2024-05-22,7H 48M 0S,143,2024,NA,NA,NA,NA,NA,NA,NA,NA,NA,NA,NA,NA,NA,NA,NA,NA,NA,NA,NA,NA,NA,NA,NA,NA
"238",NA,NA,NA,"2010",2024-05-21,9H 9M 0S,142,2024,NA,NA,NA,NA,NA,NA,NA,NA,NA,NA,NA,NA,NA,NA,NA,NA,NA,NA,NA,NA,NA,NA,NA,NA
"239",NA,NA,NA,"5354",2024-05-21,7H 15M 0S,142,2024,NA,NA,NA,NA,NA,NA,NA,NA,NA,NA,NA,NA,NA,NA,NA,NA,NA,NA,NA,NA,NA,NA,NA,NA
"240",NA,NA,NA,"4419",2024-05-21,8H 9M 0S,142,2024,NA,NA,NA,NA,NA,NA,NA,NA,NA,NA,NA,NA,NA,NA,NA,NA,NA,NA,NA,NA,NA,NA,NA,NA
"241",NA,NA,NA,"960",2024-06-07,9H 41M 0S,159,2024,NA,NA,NA,NA,NA,NA,NA,NA,NA,NA,NA,NA,NA,NA,NA,NA,NA,NA,NA,NA,NA,NA,NA,NA
"242","854",NA,NA,"3720",2024-06-06,9H 3M 0S,158,2024,NA,NA,NA,NA,NA,NA,NA,NA,NA,NA,NA,NA,NA,NA,NA,NA,NA,NA,NA,NA,NA,NA,NA,NA
"243","866",NA,NA,"BS06",2024-06-06,5H 42M 0S,158,2024,NA,NA,NA,NA,NA,NA,NA,NA,NA,NA,NA,NA,NA,NA,NA,NA,NA,NA,NA,NA,NA,NA,NA,NA
"244",NA,NA,NA,"2880",2024-06-07,5H 41M 0S,159,2024,NA,NA,NA,NA,NA,NA,NA,NA,NA,NA,NA,NA,NA,NA,NA,NA,NA,NA,NA,NA,NA,NA,NA,NA
"245",NA,NA,NA,"5808",2024-06-07,6H 45M 0S,159,2024,NA,NA,NA,NA,NA,NA,NA,NA,NA,NA,NA,NA,NA,NA,NA,NA,NA,NA,NA,NA,NA,NA,NA,NA
"246",NA,NA,NA,"936",2024-06-07,8H 23M 0S,159,2024,NA,NA,NA,NA,NA,NA,NA,NA,NA,NA,NA,NA,NA,NA,NA,NA,NA,NA,NA,NA,NA,NA,NA,NA
"247","907",NA,NA,"CA03",2024-05-30,7H 56M 0S,151,2024,NA,NA,NA,NA,NA,NA,NA,NA,NA,NA,NA,NA,NA,NA,NA,NA,NA,NA,NA,NA,NA,NA,NA,NA
"248","897",NA,NA,"CA07",2024-06-01,5H 30M 0S,153,2024,NA,NA,NA,NA,NA,NA,NA,NA,NA,NA,NA,NA,NA,NA,NA,NA,NA,NA,NA,NA,NA,NA,NA,NA
"249","883",NA,NA,"CA05",2024-06-01,8H 48M 0S,153,2024,NA,NA,NA,NA,NA,NA,NA,NA,NA,NA,NA,NA,NA,NA,NA,NA,NA,NA,NA,NA,NA,NA,NA,NA
"250","876",NA,NA,"CA06",2024-06-07,7H 16M 0S,159,2024,NA,NA,NA,NA,NA,NA,NA,NA,NA,NA,NA,NA,NA,NA,NA,NA,NA,NA,NA,NA,NA,NA,NA,NA
